{
  "0": {
    "cam_K": [
      1349.4442138671875,
      0.0,
      988.072021484375,
      0.0,
      1350.024658203125,
      559.8935546875,
      0.0,
      0.0,
      1.0
    ],
    "depth_scale": 1.0
  },
  "1": {
    "cam_K": [
      1349.4442138671875,
      0.0,
      988.072021484375,
      0.0,
      1350.024658203125,
      559.8935546875,
      0.0,
      0.0,
      1.0
    ],
    "depth_scale": 1.0
  },
  "2": {
    "cam_K": [
      1349.4442138671875,
      0.0,
      988.072021484375,
      0.0,
      1350.024658203125,
      559.8935546875,
      0.0,
      0.0,
      1.0
    ],
    "depth_scale": 1.0
  },
  "3": {
    "cam_K": [
      1349.4442138671875,
      0.0,
      988.072021484375,
      0.0,
      1350.024658203125,
      559.8935546875,
      0.0,
      0.0,
      1.0
    ],
    "depth_scale": 1.0
  },
  "4": {
    "cam_K": [
      1349.4442138671875,
      0.0,
      988.072021484375,
      0.0,
      1350.024658203125,
      559.8935546875,
      0.0,
      0.0,
      1.0
    ],
    "depth_scale": 1.0
  }
}