{
  "0": {
    "cam_K": [
      1349.444214,
      0.0,
      988.072021,
      0.0,
      1350.024658,
      559.893555,
      0.0,
      0.0,
      1.0
    ],
    "depth_scale": 1.0,
    "cam_R_w2c": [
      0.998908,
      0.004493,
      0.046509,
      -0.004524,
      0.99999,
      0.00057,
      -0.046506,
      -0.00078,
      0.998918
    ],
    "cam_t_w2c": [
      143.499609,
      35.312027,
      1286.266394
    ]
  },
  "1": {
    "cam_K": [
      1349.444214,
      0.0,
      988.072021,
      0.0,
      1350.024658,
      559.893555,
      0.0,
      0.0,
      1.0
    ],
    "depth_scale": 1.0,
    "cam_R_w2c": [
      0.998908,
      0.004493,
      0.046509,
      -0.004524,
      0.99999,
      0.00057,
      -0.046506,
      -0.00078,
      0.998918
    ],
    "cam_t_w2c": [
      143.499609,
      35.312027,
      1286.266394
    ]
  },
  "2": {
    "cam_K": [
      1349.444214,
      0.0,
      988.072021,
      0.0,
      1350.024658,
      559.893555,
      0.0,
      0.0,
      1.0
    ],
    "depth_scale": 1.0,
    "cam_R_w2c": [
      0.998908,
      0.004493,
      0.046509,
      -0.004524,
      0.99999,
      0.00057,
      -0.046506,
      -0.00078,
      0.998918
    ],
    "cam_t_w2c": [
      143.499609,
      35.312027,
      1286.266394
    ]
  },
  "3": {
    "cam_K": [
      1349.444214,
      0.0,
      988.072021,
      0.0,
      1350.024658,
      559.893555,
      0.0,
      0.0,
      1.0
    ],
    "depth_scale": 1.0,
    "cam_R_w2c": [
      0.998908,
      0.004493,
      0.046509,
      -0.004524,
      0.99999,
      0.00057,
      -0.046506,
      -0.00078,
      0.998918
    ],
    "cam_t_w2c": [
      143.499609,
      35.312027,
      1286.266394
    ]
  },
  "4": {
    "cam_K": [
      1349.444214,
      0.0,
      988.072021,
      0.0,
      1350.024658,
      559.893555,
      0.0,
      0.0,
      1.0
    ],
    "depth_scale": 1.0,
    "cam_R_w2c": [
      0.998908,
      0.004493,
      0.046509,
      -0.004524,
      0.99999,
      0.00057,
      -0.046506,
      -0.00078,
      0.998918
    ],
    "cam_t_w2c": [
      143.499609,
      35.312027,
      1286.266394
    ]
  }
}