{
  "fx": 1349.4442138671875,
  "fy": 1350.024658203125,
  "cx": 988.072021484375,
  "cy": 559.8935546875,
  "width": 1920,
  "height": 1080,
  "depth_scale": 1.0
}