{
  "f1380048": {
    "R": [
      [
        0.9989077699992961,
        0.004492788589858478,
        0.046508944147553605
      ],
      [
        -0.004524212307059502,
        0.9999896030163485,
        0.0005704053000010502
      ],
      [
        -0.04650589788439821,
        -0.0007801986237205324,
        0.9989177107009733
      ]
    ],
    "t": [
      143.49960905887892,
      35.312026881633635,
      1286.2663938307005
    ]
  }
}